{
  "means": {
    "GA": 484400.73750000005,
    "GA+ILS": 487194.91250000003,
    "Island GA": 489606.52499999997,
    "Island GA+ILS": 490122.96249999997
  },
  "runs": 8
}